{
  "cell_1": 3192.13630406291,
  "cell_2": 3003.59778597786,
  "cell_3": 3375.276752767528,
  "cell_4": 3341.5366972477063
}