{
  "cell_1": {
    "scale": 3192.13630406291,
    "offset": -125.03014416775841
  },
  "cell_2": {
    "scale": 3219.4444444444443,
    "offset": -20.5
  },
  "cell_3": {
    "scale": 3219.4444444444443,
    "offset": -20.5
  },
  "cell_4": {
    "scale": 3341.5366972477063,
    "offset": -439.43119266054964
  }
}