rel_time,cell1,cell2,rpm
0.0,2054,-248,0
0.19765686988830566,2797,-221,0
0.40642380714416504,4265,-251,0
0.6150310039520264,5600,-239,0
0.8085799217224121,6595,-221,0
1.0161628723144531,7229,-220,0
1.2038929462432861,7031,-253,0
1.4134068489074707,6243,-260,0
