rel_time,cell1,cell2,rpm
0.0,2049,-42894,0
0.21890473365783691,2035,-87629,0
0.39996862411499023,2011,-44994,0
0.6143889427185059,2038,-98998,0
0.8149428367614746,2008,-104478,0
