rel_time,cell1,cell2,rpm
0.0,-2584,-297,0
0.20105290412902832,-2790,-246,0
0.39855003356933594,-3133,-201,0
0.602445125579834,-2447,-243,0
0.8017752170562744,-2055,-228,0
1.0125601291656494,-1718,-210,0
1.2076101303100586,-1489,-230,0
1.4053220748901367,-1403,-248,0
1.6058950424194336,-1627,-265,0
1.806792974472046,-1887,-232,0
2.011489152908325,-1784,-213,0
2.2098629474639893,-1250,-307,0
