rel_time,cell1,cell2,rpm
0.0,9455,10432,922
0.10355877876281738,9340,12612,880
0.20872020721435547,11713,13796,1132
0.3199930191040039,10092,11069,913
0.427929162979126,8666,11365,860
0.5349409580230713,11829,11296,1052
0.6401588916778564,10393,12030,1023
0.7452049255371094,10388,12566,1072
0.8502531051635742,8272,10240,1069
0.9552769660949707,11090,13170,1163
1.0688729286193848,10120,11834,832
